BreedName,AltBreedName,Group1,Group2,MaleWtKg,Temperment,Watchdog,Type of home required ,Barking ability,Kid friendly,Eating habits,Independence ,activity level,Shedding,BreedName
Affenpinscher,,Toy,Companion,4,"Active, Adventurous, Curious, Fun-loving, Playful, Stubborn",no,apartment ,moderate,yes,not particular,very independent,medium,seasonal,Affenpinscher
Afghan Hound,,Sporting,Sight,28,"Aloof, Clownish, Dignified, Happy, Independent",no,apartment ,low,yes,meat rich,not independent,high,frequent,Afghan Hound
African Hunting Dog,,Hunting,,23,Wild,yes,ranch,high,no,meat rich,very independent,high,low,African Hunting Dog
Airedale Terrier,Airedale,Terrier,Terrier,26,"Alert, Confident, Courageous, Friendly, Intelligent, Outgoing",no,independent house,high,yes,not particular,not independent,high,low,Airedale Terrier
Akbash,,Working,Guardian,53,"Affectionate, Alert, Courageous, Independent, Intelligent, Loyal",yes,ranch,moderate,yes,meat rich,very independent,low,frequent,Akbash
Akita,,Working,Herding,44,"Alert, Courageous, Dignified, Docile, Friendly, Intelligent, Responsive",yes,ranch,high,no,not particular,not independent,high,frequent,Akita
Alaskan Malamute,Malamute,Working,Northern,40,"Affectionate, Devoted, Dignified, Friendly, Loyal, Playful",no,ranch,high,yes,meat rich,not independent,high,frequent,Alaskan Malamute
American Bulldog,,Working,Guardian,38,"Affectionate, Alert, Courageous, Energetic, Gentle, Loving, Out-going, Social",yes,ranch,low,yes,meat rich,not independent,high,low,American Bulldog
American Eskimo Dog,,Non Sporting,Northern,8,"Alert, Energetic, Friendly, Independent, Intelligent, Protective",no,apartment ,high,yes,not particular,moderate,high,frequent,American Eskimo Dog
American Hairless Terrier,,Terrier,Terrier,5,"Alert, Lively, Loving, Intelligent, Inquisitive, Playful",no,apartment ,moderate,yes,not particular,not independent,high,low,American Hairless Terrier
American Staffordshire Terrier,,Terrier,Terrier,28,"Attentive, Courageous, Devoted, Friendly, Loyal, Tenacious, Intelligent",no,independent house,high,yes,not particular,not independent,medium,low,American Staffordshire Terrier
American Water Spaniel,,Sporting,Gun,16,"Energetic, Friendly, Intelligent, Obedient, Protective, Trainable",yes,ranch,moderate,yes,meat rich,not independent,high,seasonal,American Water Spaniel
Anatolian Shepherd,,Working,Guardian,52,"Bold, Confident, Independent, Intelligent, Proud, Steady",yes,ranch,low,no,meat rich,moderate,medium,low,Anatolian Shepherd
Appenzell Mountain Dog,Appenzeller,Working,Guardian,27,"Energetic, Fearless, Lively, Reliable, Self-assured, Social",yes,ranch,high,yes,meat rich,not independent,high,seasonal,Appenzell Mountain Dog
Australian Cattle Dog/Blue Heeler,,Herding,Herding,21,"Aggressive, Alert, Energetic, Intelligent, Loyal, Protective, Responsive",yes,independent house,low,yes,meat rich,moderate,high,seasonal,Australian Cattle Dog/Blue Heeler
Australian Kelpie,Kelpie,Working,Herding,16,"Alert, Eager, Energetic, Friendly, Intelligent, Loyal, Robust",yes,independent house,high,no,meat rich,not independent,high,seasonal,Australian Kelpie
Australian Shepherd,,Terrier,Terrier,27,"Active, Affectionate, Friendly, Good-natured, Intelligent, Protective, Loving",yes,ranch,high,yes,not particular,not independent,high,seasonal,Australian Shepherd
Australian Terrier,,Terrier,Terrier,5,"Alert, Compassionate, Courageous, Even Tempered, Loyal, Spirited, Intelligent",no,apartment ,high,yes,not particular,not independent,high,low,Australian Terrier
Bakharwal,,Herding,Hunting,,"Courageous, Obedient, Loyal, Protective, Loving",yes,ranch,high,yes,meat rich,very independent,high,seasonal,Bakharwal
Basenji,,Hound,Sight,11,"Affectionate, Alert, Curious, Energetic, Playful, Intelligent",yes,apartment ,low,yes,meat rich,very independent,high,low,Basenji
Basset Hound,Basset,Hound,Scenthound,26,"Affectionate, Devoted, Friendly, Gentle, Sweet-tempered, Tenacious",no,apartment ,high,yes,not particular,moderate,low,frequent,Basset Hound
Beagle,,Hound,Scenthound,11,"Friendly, Gentle, Independent, Intelligent, Lively, Loving, Sweet",no,apartment ,high,yes,not particular,not independent,high,seasonal,Beagle
Bearded Collie,,Herding,Herding,23,"Active, Alert, Hardy, Intelligent, Lively, Self-confident",yes,independent house,moderate,yes,meat rich,not independent,high,frequent,Bearded Collie
Beauceron,,Herding,Herding,50,"Courageous, Obedient, Loyal, Protective, Loving",yes,ranch,high,no,meat rich,very independent,high,seasonal,Beauceron
Bedlington Terrier,,Terrier,Terrier,9,"Affectionate, Devoted, Energetic, Loyal, Playful, Reliable, Intelligent",no,apartment ,moderate,yes,not particular,moderate,high,frequent,Bedlington Terrier
Belgian Shepherd Dog Sheepdog,Groenendael,Herding,Herding,32,"Active, Alert, Confident, Friendly, Hard-working, Protective, Stubborn, Watchful, Intelligent",yes,independent house,low,yes,meat rich,moderate,high,frequent,Belgian Shepherd Dog Sheepdog
Belgian Shepherd Laekenois,,Herding,Herding,28,"Active, Alert, Energetic, Lively, Protective, Watchful",yes,independent house,moderate,yes,meat rich,very independent,high,frequent,Belgian Shepherd Laekenois
Belgian Shepherd Malinois,Malinois,Herding,Herding,27,"Active, Alert, Confident, Friendly, Hard-working, Protective, Stubborn, Watchful",yes,independent house,moderate,yes,meat rich,very independent,high,seasonal,Belgian Shepherd Malinois
Belgian Shepherd Tervuren,,Herding,Herding,34,"Alert, Attentive, Energetic, Intelligent, Loyal, Protective",yes,ranch,high,yes,meat rich,very independent,high,frequent,Belgian Shepherd Tervuren
Bernese Mountain Dog,,Working,Guardian,44,"Affectionate, Faithful, Intelligent, Loyal",yes,ranch,high,yes,meat rich,not independent,high,frequent,Bernese Mountain Dog
Bichon Frise,,Non Sporting,Companion,4,"Affectionate, Cheerful, Feisty, Gentle, Playful, Intelligent, Sensitive",no,apartment ,low,yes,not particular,not independent,high,low,Bichon Frise
Black and Tan Coonhound,,Hound,Scenthound,55,"Adaptable, Easygoing, Even-tempered, Gentle, Lovable, Trusting, Intelligent",no,ranch,high,yes,meat rich,not independent,high,frequent,Black and Tan Coonhound
Black Labrador Retriever,,Sporting,Gun,32,"Affectionate, Alert, Cheerful, Energetic, Friendly, Gentle, Intelligent, Loving, Loyal, Outgoing, Playful, Responsive, Social",no,ranch,high,yes,not particular,not independent,high,frequent,Black Labrador Retriever
Black Mouth Cur,,Hound,Scenthound,32,"Active, Fearless, Kind, Loyal, Protective, Trainable",no,ranch,high,yes,not particular,not independent,high,seasonal,Black Mouth Cur
Black Russian Terrier,,Working,Guardian,51,"Brave, Confident, Energetic, Hardy, Lively, Stable",yes,independent house,high,yes,meat rich,not independent,high,low,Black Russian Terrier
Bloodhound,,Hound,Scenthound,46,"Affectionate, Even-tempered, Gentle, Stubborn, Independent",no,ranch,high,yes,not particular,not independent,high,frequent,Bloodhound
Blue Lacy,,Sporting,Gun,18,"Active, Alert, Bold, Devoted, Intelligent, Intense",yes,ranch,high,yes,meat rich,not independent,high,seasonal,Blue Lacy
Bluetick Coonhound,Bluetick,Hound,Scenthound,28,"Friendly, Active, Gentle",no,ranch,high,yes,meat rich,not independent,high,low,Bluetick Coonhound
Boerboel,,Working,Guardian,80,"Confident, Dominant, Intelligent, Obedient, Territorial",yes,ranch,moderate,yes,meat rich,not independent,medium,seasonal,Boerboel
Bolognese,,Working,Companion,3,"Docile, Enterprising, Loyal, Reserved, Serious",no,,,,,,,,Bolognese
Border Collie,,Herding,Herding,17,"Intelligent, Energetic, Alert, Responsive, Tenacious, Loyal, Protective",yes,,,,,,,,Border Collie
Border Terrier,,Terrier,Terrier,7,"Affectionate, Alert, Even-tempered, Fearless, Intelligent, Obedient",yes,,,,,,,,Border Terrier
Borzoi,,Hound,Sight,41,"Athletic, Gentle, Independent, Intelligent, Quiet, Respectful",no,,,,,,,,Borzoi
Boston Terrier,Boston Bull,Non Sporting,Companion,9,"Affectionate, Aggressive, Friendly, Gentle, Intelligent, Lively, Playful",no,,,,,,,,Boston Terrier
Bouvier des Flanders,,Herding,Herding,42,"Familial, Gentle, Intelligent, Loyal, Protective, Rational",yes,,,,,,,,Bouvier des Flanders
Boxer,,Working,Guardian,30,"Brave, Bright, Confident, Energetic, Fearless, Friendly, Intelligent, Loyal, Playful",yes,,,,,,,,Boxer
Boykin Spaniel,,Sporting,Gun,15,"Companionable, Eager, Energetic, Friendly, Intelligent, Trainable",no,,,,,,,,Boykin Spaniel
Briard,,Herding,Gun,35,"Faithful, Fearless, Intelligent, Loyal, Obedient, Protective",yes,,,,,,,,Briard
Brittany Spaniel,,Sporting,Gun,17,"Alert, Independent, Intelligent, Responsive, Social",no,,,,,,,,Brittany Spaniel
Brussels Griffon,Brabancon Griffon,Toy,Companion,4,"Alert, Companionable, Inquisitive, Self-important, Sensitive, Watchful",no,,,,,,,,Brussels Griffon
Bull Terrier,American Pit Bull Terrier,Terrier,Terrier,28,"Active, Keen, Protective, Sweet-tempered, Trainable",yes,,,,,,,,Bull Terrier
Bullmastiff,Bull Mastiff,Working,Guardian,55,"Alert, Calm, Courageous, Devoted, Docile, Powerful, Loyal, Protective, Reliable",yes,,,,,,,,Bullmastiff
Cairn Terrier,Cairn,Terrier,Terrier,7,"Active, Assertive, Courageous, Fearless, Hardy, Intelligent",yes,,,,,,,,Cairn Terrier
Canaan Dog,,Herding,Sight,21,"Alert, Cautious, Devoted, Quick, Vigilant",no,,,,,,,,Canaan Dog
Cane Corso Mastiff,,Working,Guardian,47,"Cheerful, Courageous, Loyal, Quiet, Social",yes,,,,,,,,Cane Corso Mastiff
Carolina Dog,,,Sight,18,"Adaptable, Gentle, Loyal, Primitive, Reserved",no,,,,,,,,Carolina Dog
Catahoula Leopard Dog,,Herding,Herding,27,"Alert, Courageous, Energetic, Gentle, Independent, Intelligent, Loving, Loyal, Protective",yes,,,,,,,,Catahoula Leopard Dog
Cattle Dog,,Herding,Herding,21,"Aggressive, Alert, Energetic, Intelligent, Loyal, Protective, Responsive",yes,,,,,,,,Cattle Dog
Caucasian Sheepdog (Caucasian Ovtcharka),,Working,Guardian,63,"Alert, Calm, Dominant, Powerful, Quick,Strong",yes,,,,,,,,Caucasian Sheepdog (Caucasian Ovtcharka)
Cavalier King Charles Spaniel,,Toy,Companion,7,"Affectionate, Cheerful, Courageous, Gentle, Intelligent, Social",no,,,,,,,,Cavalier King Charles Spaniel
Chesapeake Bay Retriever,,Sporting,Gun,33,"Happy, Affectionate, Dominant, Intelligent, Protective, Quiet",no,,,,,,,,Chesapeake Bay Retriever
Chihuahua,,Toy,Companion,2,"Alert, Courageous, Devoted, Lively, Intelligent, Quick",no,,,,,,,,Chihuahua
Chinese Crested Dog,,Toy,Companion,4,"Affectionate, Alert, Happy, Lively, Playful, Sweet-tempered",no,,,,,,,,Chinese Crested Dog
Chinese Foo Dog,,Working,Northern,25,"Friendly, Devoted, Courageous",yes,,,,,,,,Chinese Foo Dog
Chinook,,Working,Northern,32,"Alert, Calm, Dignified, Friendly, Responsive",yes,,,,,,,,Chinook
Chocolate Labrador Retriever,,Sporting,Gun,32,"Affectionate, Alert, Cheerful, Energetic, Friendly, Gentle, Intelligent, Loving, Loyal, Outgoing, Playful, Responsive, Social",no,,,,,,,,Chocolate Labrador Retriever
Chow Chow,Chow,Non Sporting,Northern,26,"Aloof, Independent, Loyal, Quiet, Intelligent, Protective, Detached",no,,,,,,,,Chow Chow
Cirneco dell'Etna,,Hound,Sight,11,"Affectionate, Gentle, Lively",no,,,,,,,,Cirneco dell'Etna
Clumber Spaniel,Clumber,Sporting,Gun,32,"Gentle, Loyal, Affectionate, Dignified, Aloof",no,,,,,,,,Clumber Spaniel
Cockapoo,,Sporting,Gun,8,"Affectionate, Alert, Cheerful, Friendly, Intelligent, Loving, Loyal, Outgoing, Playful, Responsive, Social",no,,,,,,,,Cockapoo
Cocker Spaniel,,Sporting,Gun,10,"Even Tempered, Joyful, Merry, Outgoing, Intelligent, Sociable, Trusting",no,,,,,,,,Cocker Spaniel
Collie,,Herding,Herding,31,"Friendly, Gentle, Intelligent, Loyal, Protective, Responsive, Social",yes,,,,,,,,Collie
Coonhound,,Hound,Scenthound,55,"Adaptable, Easygoing, Even-tempered, Gentle, Lovable, Trusting, Intelligent",no,,,,,,,,Coonhound
Corgi,,Herding,Herding,13,"Active, Affectionate, Alert, Companionable, Devoted, Gentle, Intelligent",yes,,,,,,,,Corgi
Coton de Tulear,,Non Sporting,Companion,6,"Affectionate, Intelligent, Lively, Playful, Trainable, Vocal",no,,,,,,,,Coton de Tulear
Curly-Coated Retriever,,Sporting,Gun,34,"Clever, Independent, Intelligent, Lively, Sensitive, Trainable",no,,,,,,,,Curly-Coated Retriever
Dachshund,,Hound,Scenthound,7,"Clever, Courageous, Devoted, Lively, Playful, Stubborn",no,,,,,,,,Dachshund
Dalmatian,,Non Sporting,Companion,25,"Active, Energetic, Friendly, Intelligent, Outgoing, Playful, Sensitive",no,,,,,,,,Dalmatian
Dandi Dinmont Terrier,Dandie Dinmont,Terrier,Terrier,10,"Affectionate, Companionable, Determined, Fun-loving, Independent, Lively, Intelligent",no,,,,,,,,Dandi Dinmont Terrier
Dhole,,,,18,Wild,,,,,,,,,Dhole
Dingo,,,,16,Wild,,,,,,,,,Dingo
Doberman Pinscher,Doberman,Working,Guardian,43,"Alert, Energetic, Fearless, Intelligent, Loyal, Obedient",yes,,,,,,,,Doberman Pinscher
Dogo Argentino,,Working,Guardian,43,"Affectionate, Cheerful, Friendly, Loyal, Protective, Tolerant, Social",yes,,,,,,,,Dogo Argentino
Dogue de Bordeaux,,Working,Guardian,60,"Companionable, Courageous, Devoted, Even-tempered, Loyal, Vigiliant",yes,,,,,,,,Dogue de Bordeaux
Dutch Shepherd,,Herding,Herding,28,"Affectionate, Alert, Loyal, Obedient, Reliable, Trainable",yes,,,,,,,,Dutch Shepherd
English Bulldog,,Non Sporting,Companion,25,"Aggressive, Courageous, Friendly, Loving, Social, Sweet",no,,,,,,,,English Bulldog
English Cocker Spaniel,,Sporting,Gun,14,"Affectionate, Faithful, Friendly, Intelligent, Playful, Quiet, Trainable",yes,,,,,,,,English Cocker Spaniel
English Coonhound,,Hound,Scenthound,26,"Active, Energetic, High-strung, Loyal",yes,,,,,,,,English Coonhound
English Pointer,,Sporting,Gun,25,"Active, Affectionate, Amiable, Even-tempered, Kind, Loyal, Intelligent",yes,,,,,,,,English Pointer
English Setter,,Sporting,Gun,30,"Strong-willed, Mischevious, Gentle, Energetic, Intelligent",no,,,,,,,,English Setter
English Shepherd,,Herding,Herding,25,"Adaptable, Alert, Courageous, Energetic, Friendly, Independent, Intelligent, Playful, Responsibe",yes,,,,,,,,English Shepherd
English Springer Spaniel,,Sporting,Gun,23,"Affectionate, Alert, Cheerful, Energetic, Intelligent, Playful, Social",no,,,,,,,,English Springer Spaniel
English Toy Spaniel,Blenheim Spaniel,Toy,Companion,5,"Affectionate, Gentle, Happy, Loving, Playful, Reserved",no,,,,,,,,English Toy Spaniel
Entlebucher,,Herding,Guardian,27,"Agile, Devoted, Independent, Loyal, Self-confident",yes,,,,,,,,Entlebucher
Eskimo Dog,,Non Sporting,Northern,8,"Alert, Energetic, Friendly, Independent, Intelligent, Protective",yes,,,,,,,,Eskimo Dog
Feist,,Terrier,Terrier,15,"Agile, Alert, Lovable, Spirited, Swift",yes,,,,,,,,Feist
Field Spaniel,,Sporting,Gun,19,"Adaptable, Cautious, Docile, Familial, Sensitive, Sociable",no,,,,,,,,Field Spaniel
Fila Brasileiro,,Working,Guardian,46,"Brave, Courageous, Determined, Docile, Loyal, Obedient",yes,,,,,,,,Fila Brasileiro
Finnish Lapphund,,Herding,Northern,18,"Calm, Courageous, Faithful, Friendly, Keen",yes,,,,,,,,Finnish Lapphund
Finnish Spitz,,Non Sporting,Northern,15,"Happy, Independent, Intelligent, Loyal, Playful, Vocal",no,,,,,,,,Finnish Spitz
Flat-coated Retriever,,Sporting,Gun,30,"Friendly, Confident, Devoted, Optimistic, Outgoing, Intelligent",yes,,,,,,,,Flat-coated Retriever
Fox Terrier,,Terrier,Terrier,8,"Active, Affectionate, Alert, Fearless, Intelligent, Playful",no,,,,,,,,Fox Terrier
Foxhound,,Hound,Scenthound,32,"Independent, Intelligent, Kind, Loving, Loyal, Sweet-tempered",no,,,,,,,,Foxhound
French Bulldog,,Non Sporting,Companion,12,"Affectionate, Playful, Alert, Athletic, Bright, Easygoing, Keen, Lively, Patient",no,,,,,,,,French Bulldog
Gaddi,,,,,,,,,,,,,,Gaddi
Galgo Spanish Greyhound,,Hound,Sight,25,"Affectionate, Calm, Quiet, Gentle",no,,,,,,,,Galgo Spanish Greyhound
German Pinscher,,Working,Terrier,14,"Even-tempered, Familial, Courageous, Lively, Loving, Spirited",yes,,,,,,,,German Pinscher
German Shepherd Dog,German Shepherd,Herding,Herding,35,"Alert, Confident, Courageous, Curious, Intelligent, Loyal, Obedient, Watchful",yes,,,,,,,,German Shepherd Dog
German Shorthaired Pointer,German Short Haired Pointer,Working,Gun,29,"Affectionate, Boisterous, Bold, Cooperative, Intelligent, Trainable",no,,,,,,,,German Shorthaired Pointer
German Spitz,,Non Sporting,Northern,8,"Alert, Energetic, Friendly, Independent, Intelligent, Protective",yes,,,,,,,,German Spitz
German Wirehaired Pointer,,Sporting,Gun,30,"Active, Affectionate, Friendly, Intelligent, Loyal, Willful, Responsive",yes,,,,,,,,German Wirehaired Pointer
Giant Schnauzer,,Working,Companion,38,"Dominant, Intelligent, Kind, Loyal, Powerful, Strong-willed",yes,,,,,,,,Giant Schnauzer
Glen of Imaal Terrier,,Terrier,Terrier,16,"Active, Agile, Courageous, Gentle, Loyal, Spirited",no,,,,,,,,Glen of Imaal Terrier
Golden Retriever,,Sporting,Gun,32,"Confident, Friendly, Intelligent, Kind, Reliable, Trustworthy",no,,,,,,,,Golden Retriever
Gordon Setter,,Sporting,Gun,31,"Alert, Confident, Eager, Fearless, Loyal, Intelligent",yes,,,,,,,,Gordon Setter
Great Dane,,Working,Guardian,77,"Friendly, Confident, Devoted, Intelligent, Gentle, Loving, Reserved",yes,,,,,,,,Great Dane
Great Pyrenees,,Working,Guardian,45,"Affectionate, Confident, Fearless, Gentle, Patient, Strong-willed",yes,,,,,,,,Great Pyrenees
Greater Swiss Mountain Dog,,Working,Guardian,60,"Alert, Devoted, Fearless, Good-natured, Protective, Self-confident",yes,,,,,,,,Greater Swiss Mountain Dog
Greyhound,,Hound,Sight,33,"Intelligent, Gentle, Affectionate, Athletic, Even-tempered, Quiet",no,,,,,,,,Greyhound
Gull Dong,,,,,,,,,,,,,,Gull Dong
Gull terrier,,,,,,,,,,,,,,Gull terrier
Harrier,,Hound,Scenthound,22,"Active, Cheerful, Friendly, Outgoing, Sweet-tempered, Tolerant",no,,,,,,,,Harrier
Havanese,,Toy,Companion,5,"Affectionate, Companionable, Gentle, Intelligent, Playful, Responsive",no,,,,,,,,Havanese
Hound,,Hound,Scenthound,32,"Independent, Intelligent, Kind, Loving, Loyal, Sweet-tempered",no,,,,,,,,Hound
Hovawart,,Working,Guardian,38,"Watchful, Even-tempered, Reserved, Active, Devoted",yes,,,,,,,,Hovawart
Husky,,Working,Northern,24,"Alert, Friendly, Gentle, Intelligent, Outgoing",no,,,,,,,,Husky
Ibizan Hound,,Hound,Sight,22,"Active, Clownish, Engaging, Independent, Intelligent, Stubborn",no,,,,,,,,Ibizan Hound
Illyrian Sheepdog,,Herding,Herding,40,"Independent, Reliable, Devoted, Protective",yes,,,,,,,,Illyrian Sheepdog
Indian Mastif,Bully Kutta,,,,,,,,,,,,,Indian Mastif
Indian Pariah Dog,,,,,,,,,,,,,,Indian Pariah Dog
Indian Spitz,,,,,,,,,,,,,,Indian Spitz
Irish Setter,,Sporting,Gun,32,"Affectionate, Companionable, Energetic, Independent, Lively, Playful, Intelligent",no,,,,,,,,Irish Setter
Irish Terrier,,Terrier,Terrier,12,"Dominant, Intelligent, Lively, Protective, Respectful, Trainable",yes,,,,,,,,Irish Terrier
Irish Water Spaniel,,Sporting,Gun,25,"Active, Alert, Clownish, Inquisitive, Intelligent, Quick",no,,,,,,,,Irish Water Spaniel
Irish Wolfhound,,Hound,Scenthound,55,"Dignified, Generous, Loyal, Patient, Sweet-tempered, Thoughtful, Intelligent",no,,,,,,,,Irish Wolfhound
Italian Greyhound,,Toy,Companion,4,"Affectionate, Agile, Athletic, Companionable, Intelligent, Mischevious",no,,,,,,,,Italian Greyhound
Italian Spinone,,Sporting,Gun,33,"Friendly, Loyal, Affectionate, Docile, Gentle, Patient",no,,,,,,,,Italian Spinone
Jack Russell Terrier,,Terrier,Terrier,7,"Alert, Cheerful, Courageous, Energetic, Independent",yes,,,,,,,,Jack Russell Terrier
Jack Russell Terrier (Parson Russell Terrier),,Terrier,Terrier,7,"Energetic, Bold, Eager, Happy, Intelligent, Obedient",no,,,,,,,,Jack Russell Terrier (Parson Russell Terrier)
Japanese Chin,Japanese Spaniel,Toy,Companion,5,"Alert, Cat-like, Independent, Intelligent, Loving, Loyal, Playful",no,,,,,,,,Japanese Chin
Jindo,,Sporting,Northern,20,"Active, Bold, Brave, Faithful, Intelligent, Loyal",yes,,,,,,,,Jindo
Jonangi,,,,,,,,,,,,,,Jonangi
Kai Dog,,Non Sporting,Northern,18,"Intelligent, Agile, Alert, Brave",yes,,,,,,,,Kai Dog
Kanni,Chippiparai,,,,,,,,,,,,,Kanni
Karelian Bear Dog,,Sporting,Northern,22,"Brave, Cautious, Loyal, Independent, Tenacious, Territorial",yes,,,,,,,,Karelian Bear Dog
Keeshond,,Non Sporting,Northern,18,"Agile, Bright, Obedient, Playful, Quick, Sturdy, Intelligent",yes,,,,,,,,Keeshond
Kerry Blue Terrier,,Terrier,Terrier,17,"Affectionate, Alert, Gentle, Loyal, Spirited, Strong-willed, Intelligent",yes,,,,,,,,Kerry Blue Terrier
Kishu,,Sporting,Northern,20,"Alert, Dignified, Docile, Faithful, Noble",yes,,,,,,,,Kishu
Klee Kai,,Non Sporting,Northern,7,"Active, Agile, Curious, Intelligent, Loyal, Quick, Territorial",yes,,,,,,,,Klee Kai
Kombai,Combai,,,,,,,,,,,,,Kombai
Komondor,,Working,Guardian,59,"Affectionate, Calm, Fearless, Gentle, Independent, Steady",yes,,,,,,,,Komondor
Kumaon Mastiff,,,,,,yes,,,,,,,,Kumaon Mastiff
Kuvasz,,Working,Guardian,49,"Clownish, Independent, Intelligent, Loyal, Patient, Protective",yes,,,,,,,,Kuvasz
Kyi Leo,,Non Sporting,Companion,5,"Active, Calm, Forgiving, Obedient, Playful, Quiet",no,,,,,,,,Kyi Leo
Labrador Retriever,,Sporting,Gun,32,"Affectionate, Alert, Cheerful, Energetic, Friendly, Gentle, Intelligent, Loving, Loyal, Outgoing, Playful, Responsive, Social",no,,,,,,,,Labrador Retriever
Lakeland Terrier,,Terrier,Terrier,8,"Independent, Bold, Confident, Friendly, Intelligent, Trainable",no,,,,,,,,Lakeland Terrier
Lancashire Heeler,,Herding,Herding,5,"Alert, Clever, Friendly, Intelligent",no,,,,,,,,Lancashire Heeler
Leonberger,,Working,Guardian,64,"Adaptable, Companionable, Fearless, Loving, Loyal, Obedient",yes,,,,,,,,Leonberger
Lhasa Apso,,Non Sporting,Companion,6,"Alert, Assertive, Devoted, Friendly, Intelligent, Lively, Obedient, Playful, Spirited, Steady",no,,,,,,,,Lhasa Apso
Lowchen,,Non Sporting,Companion,6,"Active, Familial, Friendly, Happy, Playful",no,,,,,,,,Lowchen
Mahratta Greyhound,,,,,,,,,,,,,,Mahratta Greyhound
Maltese,Maltese Dog,Toy,Companion,4,"Active, Docile, Easygoing, Gentle, Intelligent, Playful, Responsive, Sweet-tempered",no,,,,,,,,Maltese
Manchester Terrier,,Terrier,Terrier,6,"Active, Alert, Devoted, Discerning, Quiet, Loyal, Intelligent",no,,,,,,,,Manchester Terrier
Maremma Sheepdog,,Working,Guardian,38,"Alert, Determined, Dignified, Friendly, Intelligent, Loyal",yes,,,,,,,,Maremma Sheepdog
Mastiff,,Working,Guardian,90,"Affectionate, Alert, Cheerful, Courageous, Intelligent, Loyal, Protective",yes,,,,,,,,Mastiff
McNab,,Herding,Herding,23,"Friendly, Hard-working, Obedient, Protective, Sociable, Well-mannered",no,,,,,,,,McNab
Miniature Pinscher,,Toy,Companion,5,"Clever, Energetic, Friendly, Outgoing, Playful, Responsive, Intelligent",no,,,,,,,,Miniature Pinscher
Mountain Cur,,Working,Scenthound,20,"Intelligent, Protective",yes,,,,,,,,Mountain Cur
Mountain Dog,,Working,Guardian,44,"Affectionate, Faithful, Intelligent, Loyal",yes,,,,,,,,Mountain Dog
Mudhold Hound,,,,,,,,,,,,,,Mudhold Hound
Munsterlander,,Sporting,Gun,20,"Intelligent, Trainable, Attentive, Mischevious",no,,,,,,,,Munsterlander
Neapolitan Mastiff,,Working,Guardian,60,"Protective, Dominant, Fearless, Obedient, Stubborn, Trainable",yes,,,,,,,,Neapolitan Mastiff
New Guinea Singing Dog,,Southern,Southern,11,"Active, Affectionate, Alert, Gentle, Lively",no,,,,,,,,New Guinea Singing Dog
Newfoundland Dog,Newfoundland,Working,Guardian,65,"Cheerful, Courageous, Intelligent, Loyal, Social, Sweet, Gentle",yes,,,,,,,,Newfoundland Dog
Norfolk Terrier,,Terrier,Terrier,5,"Companionable, Fearless, Happy, Lovable, Self-confident, Spirited, Intelligent",no,,,,,,,,Norfolk Terrier
Norwegian Buhund,,Herding,Northern,16,"Agile, Courageous, Energetic, Friendly, Fun-loving",yes,,,,,,,,Norwegian Buhund
Norwegian Elkhound,,Hound,Northern,26,"Alert, Bold, Hardy, Loyal, Playful, Strong-willed, Intelligent",yes,,,,,,,,Norwegian Elkhound
Norwegian Lundehund,,Non Sporting,Northern,8,"Alert, Energetic, Loyal, Protective",yes,,,,,,,,Norwegian Lundehund
Norwich Terrier,,Terrier,Terrier,5,"Affectionate, Energetic, Hardy, Intelligent, Sensitive",no,,,,,,,,Norwich Terrier
Nova Scotia Duck-Tolling Retriever,,Sporting,Gun Dogs,20,"Affectionate, Alert, Courageous, Energetic, Gentle, Playful, Responsive",yes,,,,,,,,Nova Scotia Duck-Tolling Retriever
Old English Sheepdog,,Herding,Herding,39,"Adaptable, Bubbly, Intelligent, Loving, Playful, Sociable, Protective",yes,,,,,,,,Old English Sheepdog
Otterhound,,Hound,Scenthound,41,"Amiable, Boisterous, Even-tempered",no,,,,,,,,Otterhound
Pandikona,,,,,,yes,,,,,,,,Pandikona
Papillon,,Toy,Companion,5,"Alert, Energetic, Friendly, Happy, Hardy, Intelligent",no,,,,,,,,Papillon
Patterdale Terrier (Fell Terrier),,Terrier,Terrier,6,"Bold, Confident, Energetic, Friendly, Inquisitive, Intelligent",no,,,,,,,,Patterdale Terrier (Fell Terrier)
Pekingese,,Toy,Companion,4,"Affectionate, Aggressive, Good-natured, Intelligent, Opinionated, Stubborn",no,,,,,,,,Pekingese
Peruvian Inca Orchid,,Hound,Sight,10,"Affectionate, Alert, Intelligent, Lively, Noble, Protective",yes,,,,,,,,Peruvian Inca Orchid
Petit Basset Griffon Vendeen,,Hound,Scenthound,16,"Active, Extroverted, Friendly, Happy, Independent, Lively, Intelligent",no,,,,,,,,Petit Basset Griffon Vendeen
Pharaoh Hound,,Hound,Sight,23,"Active, Affectionate, Intelligent, Playful, Sociable, Trainable",no,,,,,,,,Pharaoh Hound
Pit Bull Terrier,,Terrier,Terrier,23,"Affectionate, Aggressive, Clownish, Courageous, Friendly, Intelligent, Loyal, Obedient, Strong-willed, Stubborn",no,,,,,,,,Pit Bull Terrier
Plott Hound,,Hound,Scenthound,26,"Alert, Bold, Courageous, Loyal",no,,,,,,,,Plott Hound
Podengo Portugueso,,Hound,Sight,5,"Active, Companionable, Friendly, Hardy, Lively, Loyal",no,,,,,,,,Podengo Portugueso
Pointer,,Sporting,Gun,25,"Active, Affectionate, Amiable, Even-tempered, Kind, Loyal, Intelligent",yes,,,,,,,,Pointer
Polish Lowland Sheepdog,,Herding,Herding,19,"Agile, Even-tempered, Lively, Perceptive, Self-confident",yes,,,,,,,,Polish Lowland Sheepdog
Pomeranian,,Toy,Companion,2,"Active, Extroverted, Friendly, Intelligent, Lively, Playful, Sociable",no,,,,,,,,Pomeranian
Poodle,,Non Sporting,Gun,26,"Active, Alert, Faithful, Instinctual, Intelligent, Trainable",yes,,,,,,,,Poodle
Standard Poodle,,Non Sporting,Gun,26,"Active, Alert, Faithful, Instinctual, Intelligent, Trainable",yes,,,,,,,,Standard Poodle
Miniature Poodle,,Toy,Companion,8,"Active, Alert, Faithful, Instinctual, Intelligent, Trainable",yes,,,,,,,,Miniature Poodle
Toy Poodle,,Toy,Companion,4,"Active, Alert, Faithful, Instinctual, Intelligent, Trainable",yes,,,,,,,,Toy Poodle
Portuguese Water Dog,,Working,Gun,22,"Brave, Docile, Impetuous, Intelligent, Obedient, Quarrelsome",yes,,,,,,,,Portuguese Water Dog
Presa Canario,,Working,Guardian,40,"Calm, Dominant, Gentle, Strong-willed, Suspicious",yes,,,,,,,,Presa Canario
Pug,,Toy,Companion,8,"Affectionate, Cheerful, Courageous, Gentle, Intelligent, Friendly, Outgoing, Playful, Loyal",no,,,,,,,,Pug
Puli,,Herding,Herding,14,"Agile, Energetic, Faithful, Intelligent, Loyal, Obedient",yes,,,,,,,,Puli
Pumi,,Herding,Herding,13,"Active, Intelligent, Lively, Protective, Reserved, Vocal",no,,,,,,,,Pumi
Rampur greyhound,,,,,,yes,,,,,,,,Rampur greyhound
Rajapalayam,,,,,,yes,,,,,,,,Rajapalayam
Rat Terrier,,Terrier,Terrier,11,"Affectioante, Alert, Inquisitive, Lively, Loving",no,,,,,,,,Rat Terrier
Redbone Coonhound,Redbone,Hound,Scenthound,28,"Affectionate, Companionable, Energetic, Familial, Independent, Unflappable",no,,,,,,,,Redbone Coonhound
Retriever,,Sporting,Gun,32,"Confident, Friendly, Intelligent, Kind, Reliable, Trustworthy",no,,,,,,,,Retriever
Rhodesian Ridgeback,,Hound,Sight,39,"Dignified, Intelligent, Loyal, Mischevious, Sensitive, Strong-willed",no,,,,,,,,Rhodesian Ridgeback
Rottweiler,,Working,Guardian,51,"Alert, Courageous, Fearless, Good-natured, Independent, Intelligent, Loyal, Protective",yes,,,,,,,,Rottweiler
Saint Bernard,,Working,Guardian,66,"Friendly, Gentle, Independent, Intelligent, Outgoing, Quiet, Social",no,,,,,,,,Saint Bernard
Saluki,,Hound,Sight,21,"Aloof, Intelligent, Quiet, Reserverd, Loyal",no,,,,,,,,Saluki
Samoyed,,Working,Northern,26,"Alert, Lively, Friendly, Intelligent, Playful, Sociable, Stubborn",yes,,,,,,,,Samoyed
Sarplaninac,,Working,Guardian,33,"Independent, Calm, Devoted, Intelligent, Protective, Reliable",yes,,,,,,,,Sarplaninac
Schipperke,,Non Sporting,Companion,7,"Agile, Confident, Curious, Faithful, Fearless, Independent, Intelligent",no,,,,,,,,Schipperke
Miniature Schnauzer,,Terrier,Companion,8,"Devoted, Good-natured, Intelligent, Lively, Playful, Trainable",no,,,,,,,,Miniature Schnauzer
Schnauzer,Standard Schnauzer,Working,Herding,17,"Devoted, Good-natured, Intelligent, Lively, Playful, Trainable",yes,,,,,,,,Schnauzer
Giant Schnauzer,,Working,Herding,31,"Devoted, Good-natured, Intelligent, Lively, Playful, Trainable",yes,,,,,,,,Giant Schnauzer
Scottish Deerhound,,Hound,Sight,42,"Dignified, Docile, Friendly, Gentle, Polite, Quiet",no,,,,,,,,Scottish Deerhound
Scottish Terrier Scottie,Scotch Terrier,Terrier,Terrier,9,"Independent, Fiesty, Alert, Playful, Quick, Self-assured",no,,,,,,,,Scottish Terrier Scottie
Sealyham Terrier,,Terrier,Terrier,9,"Alert, Calm, Even-tempered, Fearless, Friendly, Intelligent",no,,,,,,,,Sealyham Terrier
Setter,,Sporting,Gun,30,"Strong-willed, Mischevious, Gentle, Energetic, Intelligent",no,,,,,,,,Setter
Shar Pei,,Non Sporting,Northern,22,"Affectionate, Devoted, Independent, Loving, Reserved, Suspicious",no,,,,,,,,Shar Pei
Sheep Dog,,Herding,Herding,39,"Adaptable, Bubbly, Intelligent, Loving, Playful, Sociable, Protective",yes,,,,,,,,Sheep Dog
Shepherd,,Herding,Herding,35,"Alert, Confident, Courageous, Curious, Intelligent, Loyal, Obedient, Watchful",yes,,,,,,,,Shepherd
Shetland Sheepdog Sheltie,Shetland Sheepdog,Herding,Herding,9,"Affectionate, Friendly, Gentle, Intelligent, Lively, Playful, Responsive",yes,,,,,,,,Shetland Sheepdog Sheltie
Shiba Inu,,Non Sporting,Companion,10,"Alert, Charming, Confident, Faithful, Fearless, Keen, Outgoing",yes,,,,,,,,Shiba Inu
Shih Tzu,,Toy,Companion,6,"Active, Courageous, Friendly, Gentle, Happy, Intelligent, Lively, Outgoing, Playful",no,,,,,,,,Shih Tzu
Siberian Husky,,Working,Northern,24,"Alert, Friendly, Gentle, Intelligent, Outgoing",no,,,,,,,,Siberian Husky
Silky Terrier,,Toy,Terrier,5,"Alert, Friendly, Inquisitive, Joyful, Quick, Responsive, Intelligent",no,,,,,,,,Silky Terrier
Skye Terrier,,Terrier,Terrier,17,"Loyal, Fearless, Friendly, Good-tempered, Intelligent",yes,,,,,,,,Skye Terrier
Sloughi,,Hound,Sight,28,"Alert, Faithful, Intelligent, Sensitive, Independent, Playful, Sweet",yes,,,,,,,,Sloughi
Smooth Fox Terrier,,Terrier,Terrier,8,"Active, Affectionate, Alert, Fearless, Intelligent, Playful",no,,,,,,,,Smooth Fox Terrier
South Russian Ovtcharka,,Herding,Herding,49,"Active, Balanced, Courageous, Lively, Nervous",yes,,,,,,,,South Russian Ovtcharka
Spaniel,,Sporting,Gun,10,"Even Tempered, Joyful, Merry, Outgoing, Intelligent, Sociable, Trusting",no,,,,,,,,Spaniel
Spitz,,Non Sporting,Northern,8,"Alert, Energetic, Friendly, Independent, Intelligent, Protective",yes,,,,,,,,Spitz
Staffordshire Bull Terrier,Staffordshire Bullterrier,Terrier,Terrier,14,"Affectionate, Bold, Courageous, Fearless, Intelligent, Reliable",no,,,,,,,,Staffordshire Bull Terrier
Sussex Spaniel,,Sporting,Gun,19,"Calm, Cheerful, Companionable, Devoted, Friendly, Sociable",no,,,,,,,,Sussex Spaniel
Swedish Vallhund,,Herding,Herding,13,"Alert, Energetic, Fearless, Friendly, Watchful",yes,,,,,,,,Swedish Vallhund
Terrier,,Terrier,Terrier,8,"Affectionate, Alert, Courageous, Intelligent, Friendly, Hardy, Independent",no,,,,,,,,Terrier
Thai Ridgeback,,Hound,Sight,28,"Familial, Independent, Loving, Loyal, Protective",no,,,,,,,,Thai Ridgeback
Tibetan Mastiff,,Working,Guardian,71,"Aloof, Protective, Strong-willed, Stubborn, Courageous, Loyal",yes,,,,,,,,Tibetan Mastiff
Tibetan Spaniel,,Non Sporting,Companion,6,"Intelligent, Assertive, Aloof, Happy, Independent, Willful",yes,,,,,,,,Tibetan Spaniel
Tibetan Terrier,,Non Sporting,Companion,10,"Affectionate, Amiable, Energetic, Gentle, Reserved, Sensitive, Intelligent",no,,,,,,,,Tibetan Terrier
Tosa Inu,,Working,Guardian,65,"Aggressive, Brave, Fearless, Intelligent, Sensitive, Suspicious",yes,,,,,,,,Tosa Inu
Toy Fox Terrier,Toy Terrier,Toy,Terrier,2,"Alert, Friendly, Intelligent, Loyal, Playful, Spirited",no,,,,,,,,Toy Fox Terrier
Treeing Walker Coonhound,Walker Hound,Hound,Scenthound,28,"Affectionate, Clever, Confident, Loving, Trainable",no,,,,,,,,Treeing Walker Coonhound
Vanjari Hound,,,,,,yes,,,,,,,,Vanjari Hound
Vikhan Sheepdog,,,,,,yes,,,,,,,,Vikhan Sheepdog
Vizsla,,Sporting,Gun,21,"Affectionate, Cheerful, Energetic, Gentle, Intelligent, Playful, Protective, Quiet",no,,,,,,,,Vizsla
Weimaraner,,Sporting,Gun,29,"Alert, Aloof, Energetic, Fast, Intelligent, Powerful, Steady, Stubborn, Social",no,,,,,,,,Weimaraner
Welsh Corgi,,Herding,Herding,13,"Active, Affectionate, Alert, Companionable, Devoted, Gentle, Intelligent",yes,,,,,,,,Welsh Corgi
Cardigan,,Herding,Herding,16,"Active, Affectionate, Alert, Companionable, Devoted, Gentle, Intelligent",yes,,,,,,,,Cardigan
Pembroke,,Herding,Herding,12,"Active, Affectionate, Alert, Companionable, Devoted, Gentle, Intelligent",yes,,,,,,,,Pembroke
Welsh Springer Spaniel,,Sporting,Gun,18,"Affectionate, Loyal, Active, Friendly, Playful, Stubborn, Intelligent",yes,,,,,,,,Welsh Springer Spaniel
Welsh Terrier,,Terrier,Terrier,9,"Alert, Friendly, Intelligent, Spirited, Independent, Loving",no,,,,,,,,Welsh Terrier
West Highland White Terrier Westie,West Highland White Terrier,Terrier,Terrier,8,"Affectionate, Alert, Courageous, Intelligent, Friendly, Hardy, Independent",no,,,,,,,,West Highland White Terrier Westie
Wheaten Terrier,Soft Coated Wheaten Terrier,Terrier,Terrier,18,"Affectionate, Energetic, Faithful, Intelligent, Playful, Spirited",yes,,,,,,,,Wheaten Terrier
Whippet,,Hound,Sight,16,"Affectionate, Friendly, Gentle, Intelligent, Lively, Quiet",no,,,,,,,,Whippet
White German Shepherd,,Herding,Herding,35,"Alert, Confident, Courageous, Curious, Intelligent, Loyal, Obedient, Watchful",yes,,,,,,,,White German Shepherd
Wire Fox Terrier,Wire Haired Fox Terrier,Terrier,Terrier,7,"Alert, Bold, Fearless, Friendly, Keen, Quick, Intelligent",no,,,,,,,,Wire Fox Terrier
Wire-haired Pointing Griffon,,Sporting,Gun,25,"Gentle, Loyal, Proud, Trainable, Vigilant, Intelligent",yes,,,,,,,,Wire-haired Pointing Griffon
Wirehaired Terrier,,Terrier,Terrier,7,"Alert, Bold, Fearless, Friendly, Keen, Quick, Intelligent",no,,,,,,,,Wirehaired Terrier
Xoloitzcuintle/Mexican Hairless,Mexican Hairless,Non Sporting,Sight,11,"Aleret, Calm, Cheerful, Companionable, Loyal, Protective",no,,,,,,,,Xoloitzcuintle/Mexican Hairless
Yellow Labrador Retriever,,Sporting,Gun,32,"Affectionate, Alert, Cheerful, Energetic, Friendly, Gentle, Intelligent, Loving, Loyal, Outgoing, Playful, Responsive, Social",no,,,,,,,,Yellow Labrador Retriever
Yorkshire Terrier Yorkie,Yorkshire Terrier,Toy,Companion,3,"Alert, Courageous, Energetic, Independent, Intelligent, Loyal, Playful",no,,,,,,,,Yorkshire Terrier Yorkie
